asset,weight
CZR,0.19553608927821445
INTC,0.15948681026379474
MHK,0.1158176836463271
BLDR,0.10773784524309515
URI,0.08840823183536331
ON,0.07059858802823944
NCLH,0.031879362412751744
ALB,0.028309433811323774
VST,0.005339893202135958
AVAX-USD,0.11891762164756706
SOL-USD,0.06065878682426352
LINK-USD,0.017309653806923862
